Andrey Antukh <niwi@niwi.be>
Andrey Kolpakov <aakolpakov@gmail.com>
Bitdeli Chef <chef@bitdeli.com>
CharlesLovely <charles@livelovely.com>
Flávio Juvenal <flaviojuvenal@gmail.com>
Gnietschow <tobias.tenbusch@googlemail.com>
Marek Brzóska <brzoskamarek@gmail.com>
Michal Pasternak <michal.dtz@gmail.com>
Michał Pasternak <michal.dtz@gmail.com>
Paul Garner <ego@anentropic.com>
Raiyan Kamal <raiyan.kamal@gmail.com>
Rémy <rgreinho@users.noreply.github.com>
Rémy Greinhofer <remy.greinhofer@livelovely.com>
Sam Bolgert <sbolgert@gmail.com>
Sean Brant <sean@riot9.com>
Thomas Grainger <tagrain@gmail.com>
Zygmunt Krynicki <zygmunt.krynicki@canonical.com>
metazet <metazet.mail@gmail.com>
mulder999 <mulder999@users.noreply.github.com>
